{"cameraMode":{"drawMode":0,"name":"Shaded","section":"Shading Mode"},"sceneLighting":false,"audioPlay":false,"sceneViewState":{"m_AlwaysRefresh":false,"showFog":false,"showSkybox":false,"showFlares":false,"showImageEffects":true,"showParticleSystems":true,"showVisualEffectGraphs":true,"m_FxEnabled":true},"in2DMode":false,"pivot":{"x":0.01952364668250084,"y":0.12231215834617615,"z":-0.04078781604766846},"rotation":{"x":0.11225263774394989,"y":0.013414256274700165,"z":-0.001515503041446209,"w":0.9935880303382874},"size":1.697885513305664,"orthographic":false}